kommun_13delar,is--kommun_13delar,name,name_long,name_short,shape_lores_svg
k800,TRUE,Trossö, Saltö m.m.,Trossö, Saltö m.m.,Trossö, Saltö m.m.,"""M 429.088 414.539 L 430.288 415.739 L 433.168 414.779 L 434.848 415.259 L 435.088 415.259 L 435.807 415.499 L 436.047 415.499 L 437.247 415.979 L 441.807 416.939 L 456.206 423.42 L 472.045 422.7 L 481.164 425.58 L 483.804 430.861 L 488.604 433.262 L 489.563 437.102 L 491.003 440.223 L 463.645 454.385 L 433.408 468.547 L 420.689 467.106 L 408.69 466.386 L 394.531 465.426 L 383.971 461.826 L 375.572 458.705 L 355.653 451.744 L 378.692 442.143 L 384.211 436.862 L 387.571 435.422 L 390.691 434.462 L 398.13 428.221 L 395.251 424.62 L 393.091 423.18 L 388.291 415.259 L 384.931 412.139 L 385.651 409.978 L 388.291 409.018 L 394.771 408.058 L 411.329 402.777 L 414.449 400.377 L 418.769 403.017 L 420.209 404.697 L 419.729 406.138 L 417.329 409.498 L 418.049 411.418 L 422.368 412.139 L 424.528 412.859 L 426.208 413.579 L 427.648 413.819 L 429.088 414.539 Z"""
k801,TRUE,Wämö,Wämö,Wämö,"""M 473.485 392.696 L 476.124 393.176 L 477.804 392.456 L 478.524 392.216 L 480.444 391.736 L 483.564 392.456 L 485.244 392.696 L 487.644 393.176 L 488.844 393.416 L 492.443 393.416 L 495.563 394.136 L 498.443 395.096 L 502.283 397.496 L 498.443 399.177 L 497.243 399.657 L 496.523 400.617 L 496.043 402.537 L 494.603 403.497 L 492.683 404.938 L 491.483 406.378 L 486.444 407.578 L 485.484 408.298 L 482.604 410.938 L 480.204 412.859 L 477.564 415.019 L 479.244 422.46 L 481.164 425.58 L 472.045 422.7 L 456.206 423.42 L 441.807 416.939 L 437.247 415.979 L 436.047 415.499 L 435.807 415.499 L 435.088 415.259 L 434.848 415.259 L 433.168 414.779 L 430.288 415.739 L 429.088 414.539 L 427.648 413.819 L 426.208 413.579 L 424.528 412.859 L 422.368 412.139 L 418.049 411.418 L 417.329 409.498 L 419.729 406.138 L 420.209 404.697 L 418.769 403.017 L 414.449 400.377 L 421.409 394.856 L 426.208 393.656 L 429.328 389.815 L 430.528 386.455 L 427.168 382.374 L 438.927 379.014 L 449.726 379.494 L 456.446 383.574 L 459.086 386.455 L 462.685 387.415 L 462.445 387.895 L 463.165 388.855 L 463.645 389.575 L 464.605 390.055 L 465.085 390.535 L 466.765 391.016 L 468.925 391.496 L 469.405 391.736 L 470.125 391.736 L 473.485 392.696 Z"""
k802,TRUE,Sunna,Sunna,Sunna,"""M 459.806 348.289 L 460.286 348.53 L 461.246 348.53 L 462.206 348.77 L 462.206 349.01 L 462.445 349.73 L 462.685 349.73 L 463.885 349.97 L 464.605 349.73 L 465.085 349.49 L 465.565 349.25 L 466.285 349.25 L 466.525 349.49 L 467.005 349.97 L 467.485 349.97 L 467.725 349.49 L 468.685 349.49 L 469.405 349.01 L 469.885 349.01 L 470.365 349.25 L 471.085 349.25 L 471.805 349.49 L 472.045 349.73 L 472.045 350.21 L 472.765 350.21 L 473.245 350.45 L 473.725 350.45 L 474.925 351.17 L 475.405 351.41 L 475.884 351.41 L 475.884 352.13 L 485.964 356.211 L 492.683 358.851 L 492.683 359.091 L 489.323 360.531 L 484.524 362.211 L 485.964 362.932 L 492.443 365.572 L 487.404 365.572 L 486.924 367.492 L 489.323 368.692 L 490.523 369.172 L 491.243 369.652 L 491.723 370.613 L 492.923 370.853 L 492.203 372.053 L 497.243 372.533 L 502.043 373.013 L 500.363 374.933 L 503.722 376.133 L 503.482 376.613 L 504.682 377.094 L 503.242 379.494 L 502.523 381.654 L 501.083 382.374 L 500.363 382.374 L 499.643 382.854 L 500.123 383.094 L 497.723 384.535 L 498.443 384.775 L 498.683 385.015 L 498.923 385.255 L 499.403 385.255 L 499.163 385.255 L 500.603 385.735 L 502.283 386.215 L 503.962 386.695 L 504.682 387.175 L 505.162 387.895 L 504.922 387.895 L 504.682 388.135 L 505.402 388.615 L 506.602 389.095 L 507.322 389.575 L 508.762 390.295 L 507.082 395.576 L 502.283 397.496 L 498.443 395.096 L 495.563 394.136 L 492.443 393.416 L 488.844 393.416 L 487.644 393.176 L 485.244 392.696 L 483.564 392.456 L 480.444 391.736 L 478.524 392.216 L 477.804 392.456 L 476.124 393.176 L 473.485 392.696 L 470.125 391.736 L 469.405 391.736 L 468.925 391.496 L 466.765 391.016 L 465.085 390.535 L 464.605 390.055 L 463.645 389.575 L 463.165 388.855 L 462.445 387.895 L 462.685 387.415 L 459.086 386.455 L 456.446 383.574 L 449.726 379.494 L 438.927 379.014 L 441.807 373.973 L 441.567 370.373 L 440.607 367.012 L 441.567 366.532 L 445.887 365.092 L 448.047 363.892 L 449.007 363.172 L 450.206 361.491 L 450.686 360.771 L 450.686 360.291 L 450.206 359.571 L 450.206 358.611 L 449.726 358.131 L 449.486 357.411 L 449.726 357.411 L 449.966 356.931 L 449.726 356.211 L 449.007 355.731 L 447.567 354.77 L 447.087 354.29 L 445.647 353.81 L 444.687 353.33 L 444.447 352.37 L 444.447 351.41 L 445.167 350.93 L 446.127 350.69 L 446.847 350.69 L 447.567 350.69 L 448.527 350.93 L 449.726 350.93 L 450.446 350.93 L 451.166 350.69 L 451.886 350.45 L 452.846 349.73 L 454.046 349.01 L 455.246 348.77 L 456.446 348.53 L 457.886 348.53 L 458.846 348.53 L 459.806 348.289 Z"""
k803,TRUE,Verkö m.m.,Verkö m.m.,Verkö m.m.,"""M 521.721 390.295 L 522.201 391.256 L 522.441 391.976 L 522.441 393.176 L 522.441 394.856 L 522.441 397.977 L 526.761 397.737 L 528.921 397.737 L 528.921 396.776 L 528.921 394.616 L 529.161 393.176 L 529.401 392.696 L 529.401 392.456 L 529.641 392.456 L 529.641 392.216 L 533 391.496 L 534.44 391.016 L 534.68 390.776 L 534.44 390.295 L 537.08 390.295 L 541.88 390.295 L 542.6 390.295 L 540.68 393.656 L 543.079 395.816 L 544.279 397.016 L 544.759 399.417 L 542.12 399.417 L 540.92 400.377 L 541.88 402.297 L 542.36 404.697 L 542.6 407.578 L 541.4 408.778 L 543.559 411.418 L 542.6 412.859 L 544.279 416.699 L 544.759 421.98 L 545.239 424.86 L 545.719 426.541 L 544.279 431.821 L 536.6 438.062 L 562.518 441.903 L 566.598 444.063 L 556.758 449.824 L 549.319 455.825 L 520.761 458.465 L 515.482 447.904 L 507.322 445.263 L 491.003 440.223 L 489.563 437.102 L 488.604 433.262 L 483.804 430.861 L 481.164 425.58 L 479.244 422.46 L 477.564 415.019 L 480.204 412.859 L 482.604 410.938 L 485.484 408.298 L 486.444 407.578 L 491.483 406.378 L 492.683 404.938 L 494.603 403.497 L 496.043 402.537 L 496.523 400.617 L 497.243 399.657 L 498.443 399.177 L 502.283 397.496 L 507.082 395.576 L 508.762 390.295 L 511.642 390.535 L 514.282 390.776 L 515.482 391.256 L 515.961 390.535 L 516.441 389.575 L 517.161 389.095 L 518.361 388.135 L 518.841 387.895 L 519.081 388.135 L 519.321 388.135 L 519.561 388.375 L 520.521 388.855 L 521.241 389.335 L 521.721 390.295 Z"""
k804,TRUE,Lyckeby väster om ån,Lyckeby väster om ån,Lyckeby väster om ån,"""M 508.522 371.093 L 513.562 372.773 L 514.522 372.773 L 515.002 372.533 L 515.961 372.533 L 516.201 372.533 L 516.681 372.773 L 516.921 372.533 L 517.401 372.293 L 518.601 372.533 L 523.161 373.493 L 523.641 373.013 L 524.601 372.533 L 525.801 372.053 L 527.721 372.773 L 529.161 373.013 L 530.36 373.013 L 532.04 373.013 L 534.2 374.453 L 537.08 374.693 L 537.56 374.933 L 537.32 375.413 L 537.56 376.133 L 536.84 376.133 L 535.64 376.133 L 534.68 376.373 L 533.72 376.613 L 533.48 377.094 L 533 377.334 L 532.76 377.574 L 532.28 378.294 L 531.8 378.774 L 531.56 379.014 L 531.56 379.494 L 531.32 379.974 L 530.84 380.214 L 529.88 380.454 L 528.921 380.934 L 528.201 381.414 L 527.481 381.654 L 526.521 381.894 L 525.801 382.134 L 523.161 382.614 L 521.241 383.094 L 520.041 383.334 L 519.321 383.574 L 518.601 384.055 L 518.841 384.535 L 519.321 385.255 L 519.561 385.975 L 519.321 387.175 L 519.081 387.655 L 518.841 387.895 L 518.361 388.135 L 517.161 389.095 L 516.441 389.575 L 515.961 390.535 L 515.482 391.256 L 514.282 390.776 L 511.642 390.535 L 508.762 390.295 L 507.322 389.575 L 506.602 389.095 L 505.402 388.615 L 504.682 388.135 L 504.922 387.895 L 505.162 387.895 L 504.682 387.175 L 503.962 386.695 L 502.283 386.215 L 500.603 385.735 L 499.163 385.255 L 499.403 385.255 L 498.923 385.255 L 498.683 385.015 L 498.443 384.775 L 497.723 384.535 L 500.123 383.094 L 499.643 382.854 L 500.363 382.374 L 501.083 382.374 L 502.523 381.654 L 503.242 379.494 L 504.682 377.094 L 503.482 376.613 L 503.722 376.133 L 500.363 374.933 L 502.043 373.013 L 503.962 373.493 L 505.162 373.973 L 506.842 372.773 L 508.522 371.093 Z"""
k805,TRUE,Torskors,Torskors,Torskors,"""M 502.043 360.291 L 504.202 364.132 L 504.202 364.612 L 504.682 364.612 L 506.122 367.012 L 505.642 367.972 L 505.882 368.212 L 506.842 368.212 L 506.842 368.452 L 508.762 368.452 L 509.002 368.452 L 509.242 369.652 L 509.002 370.133 L 507.802 369.893 L 508.522 371.093 L 506.842 372.773 L 505.162 373.973 L 503.962 373.493 L 502.043 373.013 L 497.243 372.533 L 492.203 372.053 L 492.923 370.853 L 491.723 370.613 L 491.243 369.652 L 490.523 369.172 L 489.323 368.692 L 486.924 367.492 L 487.404 365.572 L 492.443 365.572 L 485.964 362.932 L 484.524 362.211 L 489.323 360.531 L 492.683 359.091 L 492.683 358.851 L 491.003 355.731 L 489.803 353.33 L 487.884 349.49 L 486.684 347.569 L 486.684 347.089 L 486.924 346.609 L 487.164 346.129 L 487.644 345.649 L 487.884 344.929 L 488.604 344.689 L 488.604 344.449 L 488.364 343.969 L 488.844 343.489 L 488.364 343.009 L 488.364 342.769 L 488.604 342.769 L 488.844 343.009 L 489.323 343.009 L 489.323 342.769 L 489.803 342.769 L 490.283 342.769 L 490.763 342.769 L 490.763 342.529 L 490.043 342.529 L 489.803 342.289 L 490.043 342.049 L 490.283 341.809 L 490.763 341.809 L 491.483 343.489 L 492.443 345.889 L 493.163 347.089 L 494.603 349.01 L 496.763 351.17 L 497.963 352.85 L 498.203 353.81 L 497.723 355.491 L 497.003 358.611 L 498.203 358.371 L 498.443 358.371 L 498.443 358.851 L 498.683 359.331 L 500.843 358.611 L 502.043 360.291 Z"""
k806,TRUE,Hässlegården,Spandel,Hässlegården,Spandel,Hässlegården,Spandel,"""M 528.201 341.328 L 528.921 341.328 L 530.12 341.088 L 531.32 341.088 L 533.24 340.848 L 534.68 341.328 L 535.16 341.569 L 535.88 342.049 L 536.36 342.049 L 536.84 341.809 L 537.8 343.729 L 538.28 344.209 L 538.04 344.449 L 536.12 344.209 L 535.4 345.169 L 536.84 345.409 L 536.84 345.889 L 537.08 346.609 L 537.08 347.329 L 537.32 348.53 L 537.8 350.93 L 538.04 351.89 L 538.04 352.37 L 535.4 352.61 L 535.4 353.33 L 535.64 353.57 L 536.12 354.29 L 536.84 354.53 L 537.08 354.77 L 537.32 354.77 L 537.56 354.77 L 537.32 355.25 L 536.84 355.491 L 537.32 355.491 L 537.08 355.971 L 536.6 355.971 L 536.6 356.451 L 537.8 356.691 L 536.36 358.371 L 536.12 359.091 L 536.84 359.091 L 536.84 359.331 L 535.88 360.291 L 539.48 361.971 L 539.48 362.451 L 539.96 362.692 L 538.76 363.892 L 539 364.852 L 539.24 366.292 L 539.48 366.772 L 539.96 367.252 L 539.96 369.652 L 538.76 370.853 L 538.04 371.333 L 537.56 371.813 L 537.56 372.533 L 537.8 373.733 L 537.8 374.453 L 537.56 374.933 L 537.08 374.693 L 534.2 374.453 L 532.04 373.013 L 530.36 373.013 L 529.161 373.013 L 527.721 372.773 L 525.801 372.053 L 524.601 372.533 L 523.641 373.013 L 523.161 373.493 L 518.601 372.533 L 517.401 372.293 L 516.921 372.533 L 516.681 372.773 L 516.201 372.533 L 515.961 372.533 L 515.002 372.533 L 514.522 372.773 L 513.562 372.773 L 508.522 371.093 L 507.802 369.893 L 509.002 370.133 L 509.242 369.652 L 509.002 368.452 L 508.762 368.452 L 506.842 368.452 L 506.842 368.212 L 505.882 368.212 L 505.642 367.972 L 506.122 367.012 L 504.682 364.612 L 504.202 364.612 L 504.202 364.132 L 502.043 360.291 L 500.843 358.611 L 498.683 359.331 L 498.443 358.851 L 498.443 358.371 L 497.003 358.611 L 497.723 355.491 L 498.203 353.81 L 497.963 352.85 L 496.763 351.17 L 494.603 349.01 L 493.163 347.089 L 492.443 345.889 L 491.483 343.489 L 490.763 341.809 L 491.243 341.569 L 491.003 340.848 L 491.243 340.128 L 491.723 339.888 L 492.203 339.648 L 492.923 338.928 L 507.562 338.928 L 515.961 338.688 L 519.801 337.008 L 522.921 335.568 L 525.801 334.848 L 526.041 335.328 L 524.841 337.008 L 524.601 337.728 L 524.121 339.168 L 524.601 339.648 L 526.521 340.608 L 528.201 341.328 Z M 521.721 353.33 L 524.601 353.81 L 523.161 353.57 L 521.721 353.33 Z"""
k807,TRUE,Lyckeby öster om ån,Lyckeby öster om ån,Lyckeby öster om ån,"""M 542.6 376.133 L 546.679 377.094 L 550.519 378.054 L 554.359 379.014 L 554.119 379.254 L 553.879 379.494 L 553.639 379.734 L 553.399 380.214 L 553.159 380.694 L 552.919 380.934 L 552.439 381.654 L 552.199 381.894 L 551.959 382.134 L 551.479 382.614 L 550.279 382.854 L 549.799 383.094 L 547.159 384.055 L 547.399 384.535 L 548.119 385.015 L 548.119 385.255 L 548.359 385.255 L 547.879 385.975 L 547.639 386.455 L 547.159 386.695 L 544.759 386.695 L 544.519 386.695 L 544.279 387.415 L 542.6 390.295 L 541.88 390.295 L 537.08 390.295 L 534.44 390.295 L 534.68 390.776 L 534.44 391.016 L 533 391.496 L 529.641 392.216 L 529.641 392.456 L 529.401 392.456 L 529.401 392.696 L 529.161 393.176 L 528.921 394.616 L 528.921 396.776 L 528.921 397.737 L 526.761 397.737 L 522.441 397.977 L 522.441 394.856 L 522.441 393.176 L 522.441 391.976 L 522.201 391.256 L 521.721 390.295 L 521.241 389.335 L 520.521 388.855 L 519.561 388.375 L 519.321 388.135 L 519.081 388.135 L 518.841 387.895 L 519.081 387.655 L 519.321 387.175 L 519.561 385.975 L 519.321 385.255 L 518.841 384.535 L 518.601 384.055 L 519.321 383.574 L 520.041 383.334 L 521.241 383.094 L 523.161 382.614 L 525.801 382.134 L 526.521 381.894 L 527.481 381.654 L 528.201 381.414 L 528.921 380.934 L 529.88 380.454 L 530.84 380.214 L 531.32 379.974 L 531.56 379.494 L 531.56 379.014 L 531.8 378.774 L 532.28 378.294 L 532.76 377.574 L 533 377.334 L 533.48 377.094 L 533.72 376.613 L 534.68 376.373 L 535.64 376.133 L 536.84 376.133 L 537.56 376.133 L 537.32 375.413 L 537.56 374.933 L 542.6 376.133 Z"""
k808,TRUE,Kättilsmålaområdet,Kättilsmålaområdet,Kättilsmålaområdet,"""M 604.995 232.593 L 609.075 234.993 L 616.754 239.314 L 617.234 239.314 L 620.834 238.594 L 623.953 238.594 L 628.993 238.594 L 631.393 238.354 L 634.513 237.874 L 636.912 237.634 L 638.592 237.874 L 638.832 237.874 L 640.752 239.794 L 646.512 238.114 L 654.911 235.473 L 655.151 234.993 L 656.351 234.273 L 657.071 234.033 L 658.511 233.793 L 659.471 233.073 L 660.191 232.833 L 661.151 232.593 L 661.391 233.073 L 662.351 233.793 L 663.071 234.273 L 665.23 234.513 L 667.87 235.233 L 669.07 235.473 L 670.51 235.713 L 671.47 236.194 L 672.67 236.194 L 674.59 235.713 L 675.79 235.713 L 677.469 235.713 L 678.429 235.954 L 679.389 235.954 L 681.069 235.954 L 682.029 236.194 L 686.589 235.713 L 686.829 236.434 L 687.549 236.914 L 690.668 238.354 L 693.308 239.554 L 696.428 240.994 L 697.868 241.474 L 701.228 242.434 L 704.587 243.395 L 710.827 244.355 L 714.427 244.835 L 714.667 245.555 L 716.107 247.715 L 717.067 248.915 L 716.827 249.876 L 718.746 252.516 L 718.266 253.476 L 718.986 254.676 L 719.706 255.636 L 719.946 256.116 L 719.226 256.356 L 719.466 256.836 L 717.786 258.277 L 717.067 258.997 L 716.107 260.197 L 715.147 261.397 L 714.907 262.597 L 714.667 264.758 L 713.947 264.998 L 712.267 265.478 L 711.547 266.438 L 710.827 267.638 L 710.107 268.358 L 708.427 270.999 L 707.227 272.919 L 705.787 276.039 L 704.347 278.68 L 702.668 281.8 L 700.988 285.161 L 700.268 286.601 L 699.308 288.761 L 698.108 290.441 L 695.708 293.322 L 695.228 294.042 L 693.308 296.682 L 692.588 297.642 L 691.148 299.082 L 689.709 301.003 L 688.989 302.443 L 686.589 306.043 L 684.189 309.404 L 684.189 310.844 L 682.989 312.284 L 681.789 314.925 L 682.989 315.165 L 682.509 315.405 L 682.269 316.125 L 681.789 316.845 L 681.549 317.565 L 681.309 318.045 L 681.789 318.765 L 681.309 319.485 L 680.829 320.446 L 679.869 321.646 L 679.149 322.846 L 679.149 323.086 L 679.629 324.526 L 680.349 325.486 L 680.589 326.686 L 680.589 327.407 L 679.869 328.607 L 679.869 330.047 L 678.429 330.047 L 676.99 329.807 L 676.03 329.807 L 673.87 330.047 L 673.39 329.807 L 671.95 329.807 L 671.71 330.047 L 669.79 330.287 L 667.63 330.767 L 665.47 331.007 L 664.51 331.247 L 663.55 331.487 L 662.351 332.207 L 661.151 332.687 L 660.911 333.167 L 660.671 334.127 L 660.431 334.848 L 660.191 335.328 L 659.951 335.808 L 660.191 336.048 L 660.911 336.768 L 659.951 337.488 L 658.991 338.448 L 657.791 339.168 L 656.591 340.368 L 655.151 341.088 L 653.951 341.569 L 653.711 342.289 L 652.991 343.249 L 653.471 343.489 L 654.431 344.449 L 654.911 344.929 L 654.911 345.889 L 654.671 348.53 L 651.311 349.01 L 641.712 350.69 L 638.112 357.171 L 638.112 357.411 L 638.352 357.891 L 638.352 358.131 L 637.632 358.611 L 637.152 359.091 L 636.432 359.091 L 634.273 362.932 L 631.153 364.612 L 628.753 365.812 L 626.353 368.452 L 621.074 375.173 L 619.874 376.373 L 617.714 379.014 L 616.994 379.734 L 613.394 384.055 L 610.274 387.895 L 609.315 389.095 L 606.675 392.216 L 603.075 396.776 L 601.395 398.937 L 600.435 399.177 L 596.116 399.897 L 588.916 408.778 L 585.316 412.859 L 583.156 412.379 L 576.917 421.02 L 573.797 425.1 L 575.477 427.501 L 570.917 427.981 L 570.197 433.982 L 569.478 443.823 L 566.598 444.063 L 562.518 441.903 L 536.6 438.062 L 544.279 431.821 L 545.719 426.541 L 545.239 424.86 L 544.759 421.98 L 544.279 416.699 L 542.6 412.859 L 543.559 411.418 L 541.4 408.778 L 542.6 407.578 L 542.36 404.697 L 541.88 402.297 L 540.92 400.377 L 542.12 399.417 L 544.759 399.417 L 544.279 397.016 L 543.079 395.816 L 540.68 393.656 L 542.6 390.295 L 544.279 387.415 L 544.519 386.695 L 544.759 386.695 L 547.159 386.695 L 547.639 386.455 L 547.879 385.975 L 548.359 385.255 L 548.119 385.255 L 548.119 385.015 L 547.399 384.535 L 547.159 384.055 L 549.799 383.094 L 550.279 382.854 L 551.479 382.614 L 551.959 382.134 L 552.199 381.894 L 552.439 381.654 L 552.919 380.934 L 553.159 380.694 L 553.399 380.214 L 553.639 379.734 L 553.879 379.494 L 554.119 379.254 L 554.359 379.014 L 550.519 378.054 L 546.679 377.094 L 542.6 376.133 L 537.56 374.933 L 537.8 374.453 L 537.8 373.733 L 537.56 372.533 L 537.56 371.813 L 538.04 371.333 L 538.76 370.853 L 539.96 369.652 L 539.96 367.252 L 539.48 366.772 L 539.24 366.292 L 539 364.852 L 538.76 363.892 L 539.96 362.692 L 539.48 362.451 L 539.48 361.971 L 535.88 360.291 L 536.84 359.331 L 536.84 359.091 L 536.12 359.091 L 536.36 358.371 L 537.8 356.691 L 536.6 356.451 L 536.6 355.971 L 537.08 355.971 L 537.32 355.491 L 536.84 355.491 L 537.32 355.25 L 537.56 354.77 L 537.32 354.77 L 537.08 354.77 L 536.84 354.53 L 536.12 354.29 L 535.64 353.57 L 535.4 353.33 L 535.4 352.61 L 538.04 352.37 L 538.04 351.89 L 537.8 350.93 L 537.32 348.53 L 537.08 347.329 L 537.08 346.609 L 536.84 345.889 L 536.84 345.409 L 535.4 345.169 L 536.12 344.209 L 538.04 344.449 L 538.28 344.209 L 537.8 343.729 L 536.84 341.809 L 536.36 342.049 L 535.88 342.049 L 535.16 341.569 L 534.68 341.328 L 533.24 340.848 L 531.32 341.088 L 530.12 341.088 L 528.921 341.328 L 528.201 341.328 L 526.521 340.608 L 524.601 339.648 L 524.121 339.168 L 524.601 337.728 L 524.841 337.008 L 526.041 335.328 L 525.801 334.848 L 525.321 333.647 L 527.001 332.687 L 528.201 331.967 L 528.441 331.727 L 529.401 331.487 L 531.32 330.047 L 536.6 328.367 L 536.84 327.887 L 539 324.766 L 540.92 322.606 L 541.64 321.886 L 544.999 321.166 L 544.519 320.446 L 547.399 318.045 L 550.279 315.645 L 554.839 311.804 L 568.278 300.763 L 567.558 300.283 L 566.598 299.563 L 565.398 298.842 L 566.358 298.362 L 567.078 297.642 L 567.798 296.922 L 568.038 296.682 L 568.758 296.442 L 569.478 296.202 L 571.397 295.002 L 572.837 294.522 L 573.797 294.042 L 574.757 293.562 L 576.917 292.842 L 579.077 291.881 L 580.037 291.641 L 581.957 291.401 L 583.156 291.161 L 584.356 290.681 L 584.836 290.441 L 587.476 289.001 L 588.676 288.281 L 590.356 286.841 L 591.076 286.601 L 592.516 286.121 L 593.716 285.641 L 595.156 284.68 L 596.356 283.72 L 598.515 283.72 L 599.235 282.52 L 598.515 281.56 L 596.596 280.6 L 595.636 280.6 L 594.436 279.64 L 593.716 278.92 L 591.316 278.44 L 589.396 277.239 L 589.876 275.799 L 589.876 275.079 L 588.676 274.359 L 588.916 274.119 L 587.716 273.639 L 585.316 272.679 L 585.796 270.278 L 583.156 268.838 L 581.957 266.438 L 580.997 266.198 L 579.077 265.958 L 577.637 265.238 L 575.237 264.278 L 574.517 263.557 L 574.037 263.077 L 573.317 261.877 L 573.077 261.397 L 572.117 261.157 L 571.157 260.917 L 571.157 260.677 L 571.397 260.197 L 573.557 258.997 L 575.477 258.517 L 576.197 258.517 L 580.757 257.077 L 580.997 256.596 L 584.116 252.516 L 585.556 252.276 L 586.996 252.756 L 589.396 253.716 L 589.636 252.516 L 590.116 251.796 L 590.356 251.316 L 590.596 250.836 L 591.556 250.356 L 592.756 250.356 L 592.996 249.876 L 592.276 249.155 L 592.276 248.675 L 593.476 248.195 L 594.676 246.995 L 594.916 246.275 L 595.396 245.795 L 595.396 245.075 L 595.636 244.115 L 593.956 243.635 L 592.996 243.155 L 592.516 241.954 L 592.996 240.994 L 593.716 240.514 L 594.196 240.034 L 594.676 239.554 L 594.916 239.074 L 596.596 238.834 L 597.555 238.594 L 596.835 238.114 L 596.835 237.634 L 596.835 236.674 L 597.795 235.713 L 598.515 235.713 L 598.995 234.993 L 598.755 234.513 L 599.715 233.793 L 600.915 232.833 L 601.635 232.833 L 603.315 232.113 L 604.755 231.633 L 604.995 232.593 Z"""
k1,TRUE,Östra kommundelen,Östra kommundelen,Östra kommundelen,"""M 954.409 390.055 L 948.169 394.376 L 922.731 412.379 L 897.533 421.26 L 873.535 436.382 L 857.456 445.743 L 854.336 454.625 L 854.096 461.586 L 846.417 466.866 L 819.539 485.829 L 815.699 492.55 L 806.82 510.553 L 789.061 514.153 L 785.941 511.993 L 782.342 514.153 L 779.462 515.593 L 778.022 516.073 L 777.542 523.034 L 782.582 533.596 L 769.383 539.117 L 754.024 546.318 L 726.906 577.762 L 696.668 619.288 L 669.07 612.087 L 642.672 606.566 L 616.994 569.121 L 613.634 565.76 L 592.036 556.879 L 555.799 544.637 L 516.921 537.436 L 479.964 528.795 L 418.049 523.274 L 420.449 500.951 L 420.929 498.311 L 421.409 493.27 L 425.008 485.829 L 427.168 481.028 L 430.048 475.508 L 433.408 468.547 L 463.645 454.385 L 491.003 440.223 L 507.322 445.263 L 515.482 447.904 L 520.761 458.465 L 549.319 455.825 L 556.758 449.824 L 566.598 444.063 L 569.478 443.823 L 570.197 433.982 L 570.917 427.981 L 575.477 427.501 L 573.797 425.1 L 576.917 421.02 L 583.156 412.379 L 585.316 412.859 L 588.916 408.778 L 596.116 399.897 L 600.435 399.177 L 601.395 398.937 L 603.075 396.776 L 606.675 392.216 L 609.315 389.095 L 610.274 387.895 L 613.394 384.055 L 616.994 379.734 L 617.714 379.014 L 619.874 376.373 L 621.074 375.173 L 626.353 368.452 L 628.753 365.812 L 631.153 364.612 L 634.273 362.932 L 636.432 359.091 L 637.152 359.091 L 637.632 358.611 L 638.352 358.131 L 638.352 357.891 L 638.112 357.411 L 638.112 357.171 L 641.712 350.69 L 651.311 349.01 L 654.671 348.53 L 654.911 345.889 L 654.911 344.929 L 654.431 344.449 L 653.471 343.489 L 652.991 343.249 L 653.711 342.289 L 653.951 341.569 L 655.151 341.088 L 656.591 340.368 L 657.791 339.168 L 658.991 338.448 L 659.951 337.488 L 660.911 336.768 L 660.191 336.048 L 659.951 335.808 L 660.191 335.328 L 660.431 334.848 L 660.671 334.127 L 660.911 333.167 L 661.151 332.687 L 662.351 332.207 L 663.55 331.487 L 664.51 331.247 L 665.47 331.007 L 667.63 330.767 L 669.79 330.287 L 671.71 330.047 L 671.95 329.807 L 673.39 329.807 L 673.87 330.047 L 676.03 329.807 L 676.99 329.807 L 678.429 330.047 L 679.869 330.047 L 679.869 328.607 L 680.589 327.407 L 680.589 326.686 L 680.349 325.486 L 679.629 324.526 L 679.149 323.086 L 679.149 322.846 L 679.869 321.646 L 680.829 320.446 L 681.309 319.485 L 681.789 318.765 L 681.309 318.045 L 681.549 317.565 L 681.789 316.845 L 682.269 316.125 L 682.509 315.405 L 682.989 315.165 L 681.789 314.925 L 682.989 312.284 L 684.189 310.844 L 684.189 309.404 L 686.589 306.043 L 688.989 302.443 L 689.709 301.003 L 691.148 299.082 L 692.588 297.642 L 693.308 296.682 L 695.228 294.042 L 695.708 293.322 L 698.108 290.441 L 699.308 288.761 L 700.268 286.601 L 700.988 285.161 L 702.668 281.8 L 704.347 278.68 L 705.787 276.039 L 707.227 272.919 L 708.427 270.999 L 710.107 268.358 L 710.827 267.638 L 711.547 266.438 L 712.267 265.478 L 713.947 264.998 L 714.667 264.758 L 714.907 262.597 L 715.147 261.397 L 716.107 260.197 L 717.067 258.997 L 717.786 258.277 L 719.466 256.836 L 719.226 256.356 L 719.946 256.116 L 719.706 255.636 L 718.986 254.676 L 718.266 253.476 L 718.746 252.516 L 716.827 249.876 L 717.067 248.915 L 716.107 247.715 L 714.667 245.555 L 714.427 244.835 L 714.907 243.875 L 715.627 242.674 L 716.107 241.474 L 716.827 239.794 L 717.786 238.594 L 718.266 236.914 L 719.226 235.713 L 720.426 232.833 L 721.866 230.913 L 722.586 229.233 L 723.786 227.792 L 724.746 227.312 L 726.666 226.832 L 727.386 226.352 L 729.786 224.432 L 730.505 223.472 L 731.225 222.512 L 730.985 221.311 L 730.745 220.831 L 731.945 220.351 L 732.665 220.111 L 733.385 220.111 L 737.705 220.591 L 739.865 220.831 L 741.785 221.311 L 742.985 221.311 L 744.424 220.831 L 747.784 219.871 L 749.224 219.391 L 753.544 221.071 L 756.664 222.512 L 757.143 222.752 L 763.623 223.952 L 767.943 224.912 L 778.982 226.832 L 788.341 228.753 L 788.821 228.993 L 789.781 228.993 L 790.741 228.512 L 790.741 227.792 L 791.701 227.552 L 794.101 228.512 L 795.301 228.993 L 796.741 229.233 L 797.221 228.753 L 798.18 228.512 L 798.9 228.753 L 800.1 229.473 L 802.02 229.473 L 802.74 229.473 L 805.62 228.272 L 806.34 228.512 L 808.02 229.233 L 809.22 229.713 L 809.46 229.953 L 810.18 229.953 L 812.819 230.433 L 813.779 230.673 L 816.899 231.393 L 819.059 231.393 L 819.779 231.153 L 820.499 231.153 L 820.979 231.153 L 821.219 230.673 L 821.699 230.673 L 823.139 230.193 L 823.619 229.473 L 824.099 229.713 L 825.058 230.193 L 826.498 230.193 L 827.938 230.193 L 829.378 230.673 L 831.058 230.673 L 831.778 230.913 L 832.978 230.433 L 833.698 230.193 L 834.418 230.193 L 835.378 230.433 L 836.578 230.913 L 838.017 231.633 L 839.217 232.353 L 839.697 232.353 L 840.897 231.633 L 841.857 232.113 L 842.337 232.593 L 843.057 232.593 L 844.257 232.113 L 845.697 231.633 L 846.897 231.873 L 847.617 231.873 L 848.097 231.873 L 849.297 231.393 L 850.737 231.393 L 851.936 230.913 L 852.656 230.193 L 853.616 230.193 L 854.336 229.713 L 855.536 229.473 L 857.216 229.953 L 858.896 230.433 L 859.616 230.673 L 861.536 230.673 L 862.736 230.673 L 867.055 229.713 L 869.695 229.713 L 870.175 229.713 L 872.095 229.713 L 875.935 230.193 L 878.094 230.673 L 879.054 231.153 L 880.014 231.393 L 880.974 231.153 L 881.694 230.193 L 882.414 229.233 L 883.134 227.552 L 884.334 226.592 L 886.014 227.552 L 886.494 228.032 L 887.214 228.993 L 888.414 229.233 L 888.414 229.953 L 888.414 230.673 L 889.134 230.673 L 889.614 230.193 L 891.294 230.193 L 892.493 230.193 L 892.973 229.953 L 893.933 229.953 L 894.413 229.713 L 895.133 229.233 L 896.573 228.753 L 897.773 229.473 L 898.733 229.713 L 899.453 230.193 L 901.133 230.673 L 902.093 230.913 L 902.333 231.153 L 900.893 232.593 L 900.893 233.073 L 902.813 233.553 L 904.732 234.033 L 904.972 234.753 L 905.692 235.473 L 909.292 236.194 L 910.012 236.914 L 911.212 236.674 L 911.692 236.194 L 913.132 235.954 L 913.852 235.713 L 914.572 235.473 L 914.812 235.473 L 914.812 234.273 L 915.772 233.793 L 917.452 233.553 L 918.891 233.793 L 919.371 234.273 L 919.371 235.954 L 920.091 236.674 L 921.051 236.914 L 922.011 237.394 L 922.251 237.634 L 922.011 237.874 L 923.451 238.834 L 924.651 240.034 L 923.451 240.514 L 922.971 241.474 L 922.251 242.915 L 922.731 243.395 L 922.731 243.875 L 922.491 244.355 L 922.731 244.835 L 924.651 244.595 L 926.331 244.835 L 928.971 245.315 L 930.651 245.795 L 932.09 246.515 L 932.09 247.475 L 931.61 248.435 L 930.651 248.915 L 930.171 249.155 L 929.691 249.635 L 929.691 250.116 L 931.131 250.596 L 932.09 250.836 L 933.53 251.316 L 934.01 251.316 L 934.73 251.076 L 936.65 251.316 L 938.81 251.316 L 941.21 251.556 L 942.89 252.036 L 944.33 252.276 L 945.289 252.516 L 945.769 252.276 L 946.969 251.316 L 948.169 250.596 L 949.849 249.876 L 950.809 249.876 L 951.529 249.876 L 952.969 249.876 L 953.449 250.116 L 954.169 249.876 L 954.409 249.876 L 954.409 390.055 Z"""
k6,TRUE,Norra kommundelen,Norra kommundelen,Norra kommundelen,"""M 391.651 -2.40034 L 394.051 -1.92027 L 396.69 -1.92027 L 404.85 0 L 407.97 1.44021 L 411.329 1.44021 L 412.769 2.40034 L 416.609 3.36048 L 418.049 5.28075 L 421.889 5.76082 L 423.568 4.80068 L 428.128 4.32061 L 429.568 4.32061 L 431.248 5.52078 L 434.368 5.28075 L 433.408 7.44106 L 434.608 8.40119 L 436.527 10.3215 L 437.727 10.3215 L 435.807 12.9618 L 435.328 16.3223 L 435.807 18.9627 L 437.487 21.8431 L 443.007 22.0831 L 442.527 23.7634 L 443.967 24.7235 L 447.327 27.844 L 450.206 31.2044 L 451.886 34.0848 L 455.246 33.1247 L 457.406 34.0848 L 459.566 36.2452 L 466.765 36.2452 L 469.405 38.6455 L 472.045 39.8457 L 480.444 43.4462 L 485.244 45.3665 L 491.003 47.2867 L 490.283 49.6871 L 494.603 51.1273 L 502.043 54.0077 L 508.042 53.0475 L 509.722 52.5675 L 510.442 49.9271 L 510.682 49.447 L 513.322 49.9271 L 515.722 48.7269 L 518.601 47.0467 L 518.361 45.3665 L 520.761 45.3665 L 521.001 46.5666 L 522.441 46.8066 L 526.281 49.447 L 524.841 51.3673 L 526.761 53.5276 L 531.56 56.168 L 530.84 59.0484 L 534.2 61.2087 L 534.68 64.0891 L 536.6 66.0094 L 535.16 68.6497 L 536.36 70.8101 L 535.64 71.7702 L 532.52 71.7702 L 530.36 73.6905 L 533 73.6905 L 536.36 75.1307 L 538.76 73.4504 L 540.2 74.1705 L 538.76 75.3707 L 538.52 76.3308 L 540.2 78.7312 L 543.559 81.8516 L 544.519 84.732 L 546.199 86.8923 L 549.559 93.8533 L 556.518 94.5734 L 567.078 95.2935 L 574.757 96.2537 L 580.037 97.4538 L 586.996 99.6142 L 592.516 101.054 L 598.995 102.255 L 601.635 102.735 L 608.115 103.695 L 610.754 104.175 L 612.674 104.175 L 615.794 104.655 L 620.114 105.375 L 622.274 106.575 L 623.953 107.535 L 625.153 108.495 L 626.593 109.456 L 626.353 110.416 L 626.593 110.896 L 627.553 111.856 L 628.993 112.336 L 628.993 113.776 L 630.433 114.256 L 632.593 115.216 L 633.313 115.696 L 633.553 116.417 L 633.793 117.137 L 633.553 118.817 L 633.793 119.537 L 634.273 120.497 L 635.953 121.457 L 636.193 122.657 L 636.432 122.897 L 637.392 123.618 L 638.352 124.098 L 640.032 124.098 L 640.512 124.338 L 641.232 124.818 L 642.432 126.018 L 642.912 126.498 L 643.392 126.978 L 644.352 127.938 L 645.552 129.378 L 646.032 130.098 L 645.552 131.779 L 646.272 132.499 L 648.432 134.419 L 649.152 136.099 L 649.632 137.54 L 650.831 138.26 L 652.751 139.46 L 653.471 139.7 L 654.191 140.9 L 655.151 141.38 L 656.111 142.1 L 656.111 142.58 L 656.591 143.54 L 658.031 144.741 L 661.391 146.421 L 663.55 146.901 L 664.99 147.861 L 667.15 148.101 L 670.03 149.061 L 671.71 150.261 L 673.15 150.261 L 674.35 152.422 L 674.11 153.142 L 674.59 155.302 L 675.07 156.262 L 675.07 156.982 L 676.03 158.423 L 676.03 159.143 L 676.75 159.863 L 676.51 160.103 L 676.03 161.303 L 675.31 162.503 L 675.07 163.703 L 682.029 169.224 L 686.109 172.585 L 691.628 177.145 L 696.668 181.226 L 698.348 182.426 L 702.668 186.026 L 702.908 186.266 L 703.148 187.227 L 704.107 190.827 L 706.987 192.987 L 710.827 196.588 L 713.467 198.748 L 716.347 200.669 L 718.986 202.589 L 720.666 204.269 L 725.226 207.63 L 725.946 207.389 L 726.666 207.149 L 727.866 207.389 L 728.826 207.149 L 730.505 207.63 L 731.225 208.11 L 731.465 208.83 L 729.066 209.55 L 728.826 210.27 L 730.745 211.47 L 730.985 211.71 L 731.945 212.19 L 732.665 212.43 L 736.745 214.11 L 740.585 215.551 L 745.144 217.711 L 745.384 217.711 L 745.624 217.471 L 747.784 216.271 L 749.464 217.471 L 751.144 218.671 L 750.184 218.911 L 749.224 219.391 L 747.784 219.871 L 744.424 220.831 L 742.985 221.311 L 741.785 221.311 L 739.865 220.831 L 737.705 220.591 L 733.385 220.111 L 732.665 220.111 L 731.945 220.351 L 730.745 220.831 L 730.985 221.311 L 731.225 222.512 L 730.505 223.472 L 729.786 224.432 L 727.386 226.352 L 726.666 226.832 L 724.746 227.312 L 723.786 227.792 L 722.586 229.233 L 721.866 230.913 L 720.426 232.833 L 719.226 235.713 L 718.266 236.914 L 717.786 238.594 L 716.827 239.794 L 716.107 241.474 L 715.627 242.674 L 714.907 243.875 L 714.427 244.835 L 710.827 244.355 L 704.587 243.395 L 701.228 242.434 L 697.868 241.474 L 696.428 240.994 L 693.308 239.554 L 690.668 238.354 L 687.549 236.914 L 686.829 236.434 L 686.589 235.713 L 682.029 236.194 L 681.069 235.954 L 679.389 235.954 L 678.429 235.954 L 677.469 235.713 L 675.79 235.713 L 674.59 235.713 L 672.67 236.194 L 671.47 236.194 L 670.51 235.713 L 669.07 235.473 L 667.87 235.233 L 665.23 234.513 L 663.071 234.273 L 662.351 233.793 L 661.391 233.073 L 661.151 232.593 L 660.191 232.833 L 659.471 233.073 L 658.511 233.793 L 657.071 234.033 L 656.351 234.273 L 655.151 234.993 L 654.911 235.473 L 646.512 238.114 L 640.752 239.794 L 638.832 237.874 L 638.592 237.874 L 636.912 237.634 L 634.513 237.874 L 631.393 238.354 L 628.993 238.594 L 623.953 238.594 L 620.834 238.594 L 617.234 239.314 L 616.754 239.314 L 609.075 234.993 L 604.995 232.593 L 604.755 231.633 L 603.315 232.113 L 601.635 232.833 L 600.915 232.833 L 599.715 233.793 L 598.755 234.513 L 598.995 234.993 L 598.515 235.713 L 597.795 235.713 L 596.835 236.674 L 596.835 237.634 L 596.835 238.114 L 597.555 238.594 L 596.596 238.834 L 594.916 239.074 L 594.676 239.554 L 594.196 240.034 L 593.716 240.514 L 592.996 240.994 L 592.516 241.954 L 592.996 243.155 L 593.956 243.635 L 595.636 244.115 L 595.396 245.075 L 595.396 245.795 L 594.916 246.275 L 594.676 246.995 L 593.476 248.195 L 592.276 248.675 L 592.276 249.155 L 592.996 249.876 L 592.756 250.356 L 591.556 250.356 L 590.596 250.836 L 590.356 251.316 L 590.116 251.796 L 589.636 252.516 L 589.396 253.716 L 586.996 252.756 L 585.556 252.276 L 584.116 252.516 L 580.997 256.596 L 580.757 257.077 L 576.197 258.517 L 575.477 258.517 L 573.557 258.997 L 571.397 260.197 L 571.157 260.677 L 571.157 260.917 L 572.117 261.157 L 573.077 261.397 L 573.317 261.877 L 574.037 263.077 L 574.517 263.557 L 575.237 264.278 L 577.637 265.238 L 579.077 265.958 L 580.997 266.198 L 581.957 266.438 L 583.156 268.838 L 585.796 270.278 L 585.316 272.679 L 587.716 273.639 L 588.916 274.119 L 588.676 274.359 L 589.876 275.079 L 589.876 275.799 L 589.396 277.239 L 591.316 278.44 L 593.716 278.92 L 594.436 279.64 L 595.636 280.6 L 596.596 280.6 L 598.515 281.56 L 599.235 282.52 L 598.515 283.72 L 596.356 283.72 L 595.156 284.68 L 593.716 285.641 L 592.516 286.121 L 591.076 286.601 L 590.356 286.841 L 588.676 288.281 L 587.476 289.001 L 586.036 289.961 L 584.836 290.441 L 584.356 290.681 L 583.156 291.161 L 581.957 291.401 L 580.037 291.641 L 579.077 291.881 L 576.917 292.842 L 574.757 293.562 L 573.797 294.042 L 572.837 294.522 L 571.397 295.002 L 569.478 296.202 L 568.758 296.442 L 568.038 296.682 L 567.798 296.922 L 567.078 297.642 L 566.358 298.362 L 565.398 298.842 L 566.598 299.563 L 567.558 300.283 L 568.278 300.763 L 554.839 311.804 L 550.279 315.645 L 547.399 318.045 L 544.519 320.446 L 544.999 321.166 L 541.64 321.886 L 540.92 322.606 L 539 324.766 L 536.84 327.887 L 536.6 328.367 L 531.32 330.047 L 529.401 331.487 L 528.441 331.727 L 528.201 331.967 L 527.001 332.687 L 525.321 333.647 L 525.801 334.848 L 522.921 335.568 L 519.801 337.008 L 515.961 338.688 L 507.562 338.928 L 492.923 338.928 L 492.203 339.648 L 491.723 339.888 L 491.243 340.128 L 491.003 340.848 L 491.243 341.569 L 490.763 341.809 L 490.283 341.809 L 490.043 342.049 L 489.803 342.289 L 490.043 342.529 L 490.763 342.529 L 490.763 342.769 L 490.283 342.769 L 489.803 342.769 L 489.323 342.769 L 489.323 343.009 L 488.844 343.009 L 488.604 342.769 L 488.364 342.769 L 488.364 343.009 L 488.844 343.489 L 488.364 343.969 L 488.604 344.449 L 488.604 344.689 L 487.884 344.929 L 487.644 345.649 L 487.164 346.129 L 486.924 346.609 L 486.684 347.089 L 486.684 347.569 L 487.884 349.49 L 489.803 353.33 L 491.003 355.731 L 492.683 358.851 L 485.964 356.211 L 475.884 352.13 L 475.884 351.41 L 475.405 351.41 L 474.925 351.17 L 473.725 350.45 L 473.245 350.45 L 472.765 350.21 L 472.045 350.21 L 472.045 349.73 L 471.805 349.49 L 471.085 349.25 L 470.365 349.25 L 469.885 349.01 L 469.405 349.01 L 468.685 349.49 L 467.725 349.49 L 467.485 349.97 L 467.005 349.97 L 466.525 349.49 L 466.285 349.25 L 465.565 349.25 L 465.085 349.49 L 464.605 349.73 L 463.885 349.97 L 462.685 349.73 L 463.645 347.329 L 463.405 344.929 L 464.605 343.009 L 464.365 342.769 L 466.045 340.368 L 466.285 339.888 L 467.965 339.168 L 468.205 339.168 L 468.445 338.208 L 469.885 335.568 L 469.405 333.887 L 470.845 332.687 L 470.605 331.727 L 472.525 328.367 L 469.645 328.607 L 466.765 329.807 L 462.925 330.287 L 460.526 330.287 L 456.686 329.087 L 453.326 329.087 L 451.406 328.367 L 449.486 328.367 L 448.287 329.567 L 446.127 330.287 L 443.487 331.247 L 440.367 331.967 L 438.927 331.247 L 437.727 330.287 L 438.447 329.807 L 440.127 330.047 L 440.367 328.847 L 441.327 327.407 L 441.327 326.206 L 443.247 323.806 L 442.047 323.326 L 436.047 325.006 L 430.768 327.407 L 430.048 326.686 L 428.848 326.446 L 427.168 326.686 L 422.368 324.286 L 420.449 329.087 L 409.649 330.287 L 406.29 329.567 L 397.89 330.527 L 394.771 330.047 L 393.811 330.287 L 392.851 330.767 L 390.451 331.247 L 383.011 331.967 L 381.572 332.207 L 381.332 331.967 L 374.852 332.207 L 373.892 332.447 L 371.972 332.447 L 367.413 332.927 L 360.453 332.927 L 357.573 332.927 L 353.254 333.887 L 350.134 334.127 L 346.774 334.608 L 346.054 332.687 L 345.094 331.487 L 344.614 329.807 L 344.134 328.127 L 344.134 326.446 L 344.374 325.486 L 343.894 324.526 L 343.654 322.846 L 342.214 322.606 L 340.295 322.606 L 338.375 322.846 L 335.975 322.846 L 335.015 323.086 L 333.815 323.086 L 332.375 323.326 L 331.655 323.326 L 329.735 323.806 L 326.376 325.726 L 324.936 326.686 L 315.096 329.087 L 307.657 327.166 L 303.817 326.446 L 298.058 324.526 L 292.298 324.046 L 291.578 323.566 L 290.618 323.566 L 285.819 324.526 L 282.459 324.766 L 285.819 319.485 L 287.019 319.005 L 288.458 317.565 L 289.178 316.845 L 291.098 311.324 L 291.098 308.444 L 290.378 307.484 L 287.979 306.524 L 290.618 305.803 L 294.218 305.563 L 298.058 305.323 L 299.738 304.603 L 302.857 303.643 L 311.497 301.003 L 311.257 298.602 L 305.497 292.842 L 304.777 291.161 L 303.577 290.441 L 303.577 289.961 L 304.297 289.721 L 304.777 285.161 L 305.497 283 L 305.977 279.64 L 304.777 279.4 L 303.337 280.12 L 302.137 280.12 L 301.658 279.4 L 299.738 279.4 L 299.018 280.84 L 294.698 283.24 L 289.658 283 L 288.219 282.52 L 285.339 282.28 L 281.739 280.36 L 281.259 279.64 L 277.899 278.92 L 275.499 279.88 L 273.1 280.84 L 264.22 283 L 263.02 282.76 L 255.101 289.001 L 255.821 283.24 L 252.461 279.16 L 248.861 274.359 L 247.182 271.959 L 246.222 271.959 L 245.262 271.719 L 244.542 269.318 L 243.582 269.318 L 242.862 267.398 L 242.622 267.398 L 242.142 270.758 L 232.303 273.399 L 221.503 275.799 L 219.584 275.799 L 217.664 276.039 L 217.424 276.759 L 209.024 278.44 L 205.425 275.079 L 191.026 277.239 L 188.866 275.559 L 188.146 274.119 L 186.706 273.399 L 183.346 269.558 L 183.106 268.118 L 186.706 267.398 L 185.266 264.758 L 180.947 260.437 L 181.426 259.237 L 180.227 255.876 L 179.027 249.395 L 174.467 247.235 L 168.227 245.555 L 166.308 245.315 L 165.588 244.355 L 169.187 238.114 L 170.867 236.674 L 169.187 235.954 L 169.667 235.473 L 165.828 231.633 L 163.188 230.913 L 162.948 227.312 L 174.707 228.512 L 176.867 227.072 L 176.147 222.992 L 175.667 221.792 L 174.467 219.631 L 175.187 217.951 L 176.627 214.35 L 176.387 210.99 L 174.947 208.35 L 173.987 206.909 L 172.067 205.949 L 171.827 203.309 L 172.787 203.549 L 173.987 199.948 L 170.387 199.228 L 168.467 197.068 L 157.428 197.068 L 148.309 197.068 L 142.069 195.868 L 137.03 194.908 L 132.23 192.507 L 126.711 189.867 L 119.031 186.507 L 112.312 182.666 L 110.152 181.466 L 101.752 180.266 L 95.2729 176.665 L 91.4332 174.505 L 90.7132 171.864 L 88.3134 172.585 L 79.4341 174.985 L 79.6741 173.065 L 79.1941 171.864 L 79.6741 170.424 L 77.5142 168.504 L 76.5543 166.824 L 77.5142 166.104 L 76.3143 163.703 L 77.7542 161.063 L 75.1144 158.903 L 74.1545 154.582 L 73.6745 150.981 L 70.5547 146.421 L 76.0743 146.421 L 83.2738 144.741 L 94.073 146.661 L 94.5529 147.861 L 96.4728 148.341 L 99.5926 147.141 L 103.672 146.901 L 106.072 146.421 L 111.832 146.661 L 122.391 147.381 L 135.35 148.821 L 136.07 143.54 L 136.55 137.3 L 132.71 138.26 L 133.43 136.339 L 134.39 135.139 L 133.19 134.179 L 130.55 132.019 L 128.87 130.339 L 126.231 128.898 L 126.231 127.938 L 128.39 126.258 L 128.15 124.098 L 125.271 123.137 L 125.511 120.497 L 121.911 118.337 L 119.271 115.696 L 123.351 111.376 L 127.43 110.656 L 130.55 109.456 L 137.27 110.896 L 144.949 110.896 L 147.589 111.616 L 153.349 111.616 L 155.748 107.535 L 159.108 106.815 L 167.508 108.495 L 170.387 109.696 L 172.067 108.255 L 170.147 104.895 L 185.026 106.095 L 195.105 113.056 L 196.545 117.857 L 201.345 119.057 L 208.544 120.977 L 217.184 122.177 L 218.624 120.977 L 222.943 119.537 L 222.703 119.057 L 223.183 114.976 L 226.543 110.896 L 224.143 108.975 L 226.303 105.135 L 228.463 104.895 L 233.983 98.654 L 240.702 96.0136 L 245.982 94.0934 L 246.702 91.453 L 242.382 90.7329 L 240.222 87.6124 L 241.422 84.732 L 240.462 83.2918 L 243.102 77.531 L 243.102 72.4903 L 245.742 72.0102 L 247.662 65.0492 L 250.541 66.7295 L 260.141 67.6896 L 261.101 65.7693 L 260.861 64.3291 L 266.62 60.2486 L 269.98 60.0085 L 284.619 66.9695 L 293.018 63.369 L 300.458 64.8092 L 303.097 64.0891 L 305.017 66.2494 L 309.577 67.2095 L 312.697 68.1697 L 315.816 70.57 L 320.376 75.6107 L 322.536 76.3308 L 326.136 79.6913 L 328.535 80.1714 L 330.455 81.3716 L 333.815 81.1315 L 331.175 78.4911 L 328.775 75.8508 L 326.616 73.6905 L 328.535 69.6099 L 334.295 65.0492 L 334.535 62.6489 L 335.495 60.4886 L 334.535 58.3283 L 329.975 56.8881 L 328.535 55.6879 L 324.696 54.2477 L 321.096 51.3673 L 315.576 50.6472 L 312.217 49.6871 L 305.737 47.0467 L 291.578 41.7659 L 287.019 38.1654 L 297.818 35.045 L 302.137 24.7235 L 319.176 30.0043 L 331.895 31.9245 L 337.415 30.0043 L 340.775 29.0441 L 342.454 24.4835 L 343.174 20.1629 L 341.734 11.7617 L 341.015 9.8414 L 342.934 6.96099 L 347.254 5.04072 L 348.934 2.40034 L 351.814 0.24003 L 355.893 -4.08058 L 360.933 -4.32061 L 374.852 -5.04072 L 379.412 -5.28075 L 387.091 -5.04072 L 391.651 -2.40034 Z M 564.918 114.976 L 563.238 115.216 L 564.918 114.976 L 567.078 114.736 L 564.918 114.976 Z M 175.187 129.858 L 174.227 131.299 L 165.108 131.059 L 162.708 132.019 L 162.708 134.899 L 162.468 136.339 L 161.748 138.98 L 163.428 142.34 L 165.588 143.78 L 167.987 145.461 L 168.467 147.381 L 167.987 148.581 L 163.428 150.501 L 161.028 151.462 L 161.268 152.902 L 167.747 156.022 L 168.467 156.022 L 168.947 156.502 L 173.747 159.863 L 181.906 165.624 L 184.546 171.384 L 186.946 171.864 L 196.545 175.945 L 209.744 174.265 L 207.585 173.545 L 206.145 172.344 L 206.385 168.984 L 206.145 167.544 L 204.225 165.624 L 202.545 162.503 L 202.305 159.143 L 199.905 158.182 L 200.385 151.942 L 198.945 149.061 L 195.825 144.981 L 198.945 142.34 L 198.705 141.62 L 190.066 135.619 L 186.466 132.979 L 184.066 132.979 L 179.507 130.579 L 175.187 129.858 Z M 617.234 226.832 L 618.194 227.072 L 616.514 226.592 L 617.234 226.832 Z"""
k81,TRUE,Aspö,Aspö,Aspö,"""M 433.408 468.547 L 430.048 475.508 L 427.168 481.028 L 425.008 485.829 L 421.409 493.27 L 420.929 498.311 L 420.449 500.951 L 418.049 523.274 L 364.053 519.674 L 347.494 518.474 L 345.574 505.512 L 340.055 504.072 L 335.975 501.911 L 333.815 493.75 L 323.496 486.789 L 322.536 484.149 L 321.336 477.908 L 333.335 464.466 L 335.975 463.026 L 355.653 451.744 L 375.572 458.705 L 383.971 461.826 L 394.531 465.426 L 408.69 466.386 L 420.689 467.106 L 433.408 468.547 Z"""
k2,TRUE,Västra kommundelen,Västra kommundelen,Västra kommundelen,"""M 333.335 464.466 L 321.336 477.908 L 322.536 484.149 L 323.496 486.789 L 333.815 493.75 L 335.975 501.911 L 340.055 504.072 L 345.574 505.512 L 347.494 518.474 L 334.775 521.354 L 312.217 522.314 L 298.778 522.794 L 293.498 523.034 L 284.139 522.794 L 255.341 517.273 L 214.544 519.674 L 206.865 493.99 L 215.264 491.35 L 219.104 483.429 L 233.743 476.708 L 244.062 474.787 L 250.061 474.067 L 252.221 474.307 L 257.501 470.227 L 266.62 467.106 L 272.14 468.307 L 278.379 469.747 L 283.179 470.707 L 298.538 460.865 L 311.737 460.625 L 333.335 464.466 Z M 343.654 322.846 L 343.894 324.526 L 344.374 325.486 L 344.134 326.446 L 344.134 328.127 L 344.614 329.807 L 345.094 331.487 L 346.054 332.687 L 346.774 334.608 L 350.134 334.127 L 353.254 333.887 L 357.573 332.927 L 360.453 332.927 L 367.413 332.927 L 371.972 332.447 L 373.892 332.447 L 374.852 332.207 L 381.332 331.967 L 381.572 332.207 L 383.011 331.967 L 390.451 331.247 L 392.851 330.767 L 393.811 330.287 L 394.771 330.047 L 397.89 330.527 L 406.29 329.567 L 409.649 330.287 L 420.449 329.087 L 422.368 324.286 L 427.168 326.686 L 428.848 326.446 L 430.048 326.686 L 430.768 327.407 L 436.047 325.006 L 442.047 323.326 L 443.247 323.806 L 441.327 326.206 L 441.327 327.407 L 440.367 328.847 L 440.127 330.047 L 438.447 329.807 L 437.727 330.287 L 438.927 331.247 L 440.367 331.967 L 443.487 331.247 L 446.127 330.287 L 448.287 329.567 L 449.486 328.367 L 451.406 328.367 L 453.326 329.087 L 456.686 329.087 L 460.526 330.287 L 462.925 330.287 L 466.765 329.807 L 469.645 328.607 L 472.525 328.367 L 470.605 331.727 L 470.845 332.687 L 469.405 333.887 L 469.885 335.568 L 468.445 338.208 L 468.205 339.168 L 467.965 339.168 L 466.285 339.888 L 466.045 340.368 L 464.365 342.769 L 464.605 343.009 L 463.405 344.929 L 463.645 347.329 L 462.685 349.73 L 462.445 349.73 L 462.206 349.01 L 462.206 348.77 L 461.246 348.53 L 460.286 348.53 L 459.806 348.289 L 458.846 348.53 L 457.886 348.53 L 456.446 348.53 L 455.246 348.77 L 454.046 349.01 L 452.846 349.73 L 451.886 350.45 L 451.166 350.69 L 450.446 350.93 L 449.726 350.93 L 448.527 350.93 L 447.567 350.69 L 446.847 350.69 L 446.127 350.69 L 445.167 350.93 L 444.447 351.41 L 444.447 352.37 L 444.687 353.33 L 445.647 353.81 L 447.087 354.29 L 447.567 354.77 L 449.007 355.731 L 449.726 356.211 L 449.966 356.931 L 449.726 357.411 L 449.486 357.411 L 449.726 358.131 L 450.206 358.611 L 450.206 359.571 L 450.686 360.291 L 450.686 360.771 L 450.206 361.491 L 449.007 363.172 L 448.047 363.892 L 445.887 365.092 L 441.567 366.532 L 440.607 367.012 L 441.567 370.373 L 441.807 373.973 L 438.927 379.014 L 427.168 382.374 L 430.528 386.455 L 429.328 389.815 L 426.208 393.656 L 421.409 394.856 L 414.449 400.377 L 411.329 402.777 L 394.771 408.058 L 388.291 409.018 L 385.651 409.978 L 384.931 412.139 L 388.291 415.259 L 393.091 423.18 L 395.251 424.62 L 398.13 428.221 L 390.691 434.462 L 387.571 435.422 L 384.211 436.862 L 378.692 442.143 L 355.653 451.744 L 349.414 441.903 L 352.774 436.622 L 350.374 430.141 L 341.015 425.1 L 334.295 424.86 L 328.775 422.22 L 328.535 418.379 L 325.656 414.779 L 320.376 413.579 L 317.736 413.099 L 317.016 410.698 L 315.336 407.578 L 314.377 406.378 L 313.177 404.457 L 312.457 403.497 L 311.977 401.097 L 312.217 398.937 L 312.937 395.336 L 313.657 391.976 L 311.257 389.575 L 305.497 384.535 L 300.698 379.974 L 299.258 378.774 L 299.738 377.574 L 298.058 377.334 L 297.818 376.613 L 292.058 368.692 L 292.058 363.412 L 292.298 358.131 L 299.258 355.01 L 299.258 354.77 L 302.137 347.809 L 303.097 345.889 L 302.377 343.729 L 305.737 342.529 L 305.257 340.128 L 305.497 339.168 L 305.977 338.208 L 308.857 335.568 L 311.977 332.207 L 315.096 329.087 L 324.936 326.686 L 326.376 325.726 L 329.735 323.806 L 331.655 323.326 L 332.375 323.326 L 333.815 323.086 L 335.015 323.086 L 335.975 322.846 L 338.375 322.846 L 340.295 322.606 L 342.214 322.606 L 343.654 322.846 Z"""
